File Path,Modification Time
/Users/xander/Git/collection-assistant/eu_missing_cookies_data/2024-10-07_22.29.47_cookieblock_export.json,1728332993.3191462
/Users/xander/Git/collection-assistant/eu_missing_cookies_data/2024-10-07_22.28.09_cookieblock_export.json,1728332893.7493584
/Users/xander/Git/collection-assistant/eu_missing_cookies_data/2024-10-07_22.27.40_cookieblock_export.json,1728332865.4944358
/Users/xander/Git/collection-assistant/eu_missing_cookies_data/ky.gov/ky.gov.no-interaction.mkv,1728333215.4536602
/Users/xander/Git/collection-assistant/eu_missing_cookies_data/ky.gov/ky.gov.html,1728333173.1363528
/Users/xander/Git/collection-assistant/eu_missing_cookies_data/ky.gov/ky.gov.accept.cookieblock.json,1728333205.2482283
/Users/xander/Git/collection-assistant/eu_missing_cookies_data/ky.gov/ky.gov.no-interaction.json,1728333214.9950407
/Users/xander/Git/collection-assistant/eu_missing_cookies_data/ky.gov/ky.gov.no-interaction.cookieblock.json,1728333222.755311
/Users/xander/Git/collection-assistant/eu_missing_cookies_data/ky.gov/ky.gov.accept.mkv,1728333198.1436794
/Users/xander/Git/collection-assistant/eu_missing_cookies_data/ky.gov/ky.gov.accept.json,1728333197.6908424
/Users/xander/Git/collection-assistant/eu_missing_cookies_data/state.pa.us/state.pa.us.accept.mkv,1728333139.7884712
/Users/xander/Git/collection-assistant/eu_missing_cookies_data/state.pa.us/state.pa.us.html,1728333115.9328802
/Users/xander/Git/collection-assistant/eu_missing_cookies_data/state.pa.us/state.pa.us.accept.json,1728333139.3304796
/Users/xander/Git/collection-assistant/eu_missing_cookies_data/state.pa.us/state.pa.us.no-interaction.cookieblock.json,1728333167.8834345
/Users/xander/Git/collection-assistant/eu_missing_cookies_data/state.pa.us/state.pa.us.accept.cookieblock.json,1728333146.7332237
/Users/xander/Git/collection-assistant/eu_missing_cookies_data/state.pa.us/state.pa.us.no-interaction.json,1728333159.9225028
/Users/xander/Git/collection-assistant/eu_missing_cookies_data/state.pa.us/state.pa.us.no-interaction.mkv,1728333160.383401
/Users/xander/Git/collection-assistant/eu_missing_cookies_data/mo.gov/mo.gov.no-interaction.json,1728333088.7398562
/Users/xander/Git/collection-assistant/eu_missing_cookies_data/mo.gov/mo.gov.accept.mkv,1728333103.9789221
/Users/xander/Git/collection-assistant/eu_missing_cookies_data/mo.gov/mo.gov.accept.cookieblock.json,1728333111.1061509
/Users/xander/Git/collection-assistant/eu_missing_cookies_data/mo.gov/mo.gov.no-interaction.cookieblock.json,1728333094.382922
/Users/xander/Git/collection-assistant/eu_missing_cookies_data/mo.gov/mo.gov.html,1728333088.73704
/Users/xander/Git/collection-assistant/eu_missing_cookies_data/mo.gov/mo.gov.accept.json,1728333103.5227919
/Users/xander/Git/collection-assistant/eu_missing_cookies_data/iga.net/iga.net.accept.mkv,1728333076.5299757
/Users/xander/Git/collection-assistant/eu_missing_cookies_data/iga.net/iga.net.accept.json,1728333076.0575078
/Users/xander/Git/collection-assistant/eu_missing_cookies_data/iga.net/iga.net.accept.cookieblock.json,1728333083.7265327
/Users/xander/Git/collection-assistant/eu_missing_cookies_data/iga.net/iga.net.html,1728333056.6069138
/Users/xander/Git/collection-assistant/eu_missing_cookies_data/iga.net/iga.net.no-interaction.cookieblock.json,1728333062.1378348
/Users/xander/Git/collection-assistant/eu_missing_cookies_data/iga.net/iga.net.no-interaction.json,1728333056.6097937
/Users/xander/Git/collection-assistant/eu_missing_cookies_data/chrome_profile/Default/Web Applications/Manifest Resources/fhihpiojkbmbpdjeoajapmgkhlnakfjf/Icons/48.png,1728332338.9257815
/Users/xander/Git/collection-assistant/eu_missing_cookies_data/chrome_profile/Default/Web Applications/Manifest Resources/fhihpiojkbmbpdjeoajapmgkhlnakfjf/Icons/64.png,1728332338.9261081
/Users/xander/Git/collection-assistant/eu_missing_cookies_data/chrome_profile/Default/Web Applications/Manifest Resources/fhihpiojkbmbpdjeoajapmgkhlnakfjf/Icons/128.png,1728332338.9272766
/Users/xander/Git/collection-assistant/eu_missing_cookies_data/chrome_profile/Default/Web Applications/Manifest Resources/fhihpiojkbmbpdjeoajapmgkhlnakfjf/Icons/256.png,1728332338.9306777
/Users/xander/Git/collection-assistant/eu_missing_cookies_data/chrome_profile/Default/Web Applications/Manifest Resources/fhihpiojkbmbpdjeoajapmgkhlnakfjf/Icons/32.png,1728332338.9255192
/Users/xander/Git/collection-assistant/eu_missing_cookies_data/chrome_profile/Default/Web Applications/Manifest Resources/fhihpiojkbmbpdjeoajapmgkhlnakfjf/Icons/96.png,1728332338.9265792
/Users/xander/Git/collection-assistant/eu_missing_cookies_data/chrome_profile/Default/Web Applications/Manifest Resources/fhihpiojkbmbpdjeoajapmgkhlnakfjf/Icons/192.png,1728332338.9285502
/Users/xander/Git/collection-assistant/eu_missing_cookies_data/chrome_profile/Default/Web Applications/Manifest Resources/mpnpojknpmmopombnjdcgaaiekajbnjb/Icons/48.png,1728332338.8627017
/Users/xander/Git/collection-assistant/eu_missing_cookies_data/chrome_profile/Default/Web Applications/Manifest Resources/mpnpojknpmmopombnjdcgaaiekajbnjb/Icons/64.png,1728332338.8639581
/Users/xander/Git/collection-assistant/eu_missing_cookies_data/chrome_profile/Default/Web Applications/Manifest Resources/mpnpojknpmmopombnjdcgaaiekajbnjb/Icons/128.png,1728332338.865067
/Users/xander/Git/collection-assistant/eu_missing_cookies_data/chrome_profile/Default/Web Applications/Manifest Resources/mpnpojknpmmopombnjdcgaaiekajbnjb/Icons/256.png,1728332338.8689787
/Users/xander/Git/collection-assistant/eu_missing_cookies_data/chrome_profile/Default/Web Applications/Manifest Resources/mpnpojknpmmopombnjdcgaaiekajbnjb/Icons/32.png,1728332338.8606796
/Users/xander/Git/collection-assistant/eu_missing_cookies_data/chrome_profile/Default/Web Applications/Manifest Resources/mpnpojknpmmopombnjdcgaaiekajbnjb/Icons/96.png,1728332338.864431
/Users/xander/Git/collection-assistant/eu_missing_cookies_data/chrome_profile/Default/Web Applications/Manifest Resources/mpnpojknpmmopombnjdcgaaiekajbnjb/Icons/192.png,1728332338.8662362
/Users/xander/Git/collection-assistant/eu_missing_cookies_data/chrome_profile/Default/Web Applications/Manifest Resources/aghbiahbpaijignceidepookljebhfak/Icons/48.png,1728332338.9050326
/Users/xander/Git/collection-assistant/eu_missing_cookies_data/chrome_profile/Default/Web Applications/Manifest Resources/aghbiahbpaijignceidepookljebhfak/Icons/64.png,1728332338.9091914
/Users/xander/Git/collection-assistant/eu_missing_cookies_data/chrome_profile/Default/Web Applications/Manifest Resources/aghbiahbpaijignceidepookljebhfak/Icons/128.png,1728332338.9111216
/Users/xander/Git/collection-assistant/eu_missing_cookies_data/chrome_profile/Default/Web Applications/Manifest Resources/aghbiahbpaijignceidepookljebhfak/Icons/256.png,1728332338.9160745
/Users/xander/Git/collection-assistant/eu_missing_cookies_data/chrome_profile/Default/Web Applications/Manifest Resources/aghbiahbpaijignceidepookljebhfak/Icons/32.png,1728332338.9044368
/Users/xander/Git/collection-assistant/eu_missing_cookies_data/chrome_profile/Default/Web Applications/Manifest Resources/aghbiahbpaijignceidepookljebhfak/Icons/96.png,1728332338.9099581
/Users/xander/Git/collection-assistant/eu_missing_cookies_data/chrome_profile/Default/Web Applications/Manifest Resources/aghbiahbpaijignceidepookljebhfak/Icons/192.png,1728332338.9126663
/Users/xander/Git/collection-assistant/eu_missing_cookies_data/chrome_profile/Default/Web Applications/Manifest Resources/fmgjjmmmlfnkbppncabfkddbjimcfncm/Icons/48.png,1728332338.8405569
/Users/xander/Git/collection-assistant/eu_missing_cookies_data/chrome_profile/Default/Web Applications/Manifest Resources/fmgjjmmmlfnkbppncabfkddbjimcfncm/Icons/64.png,1728332338.8414428
/Users/xander/Git/collection-assistant/eu_missing_cookies_data/chrome_profile/Default/Web Applications/Manifest Resources/fmgjjmmmlfnkbppncabfkddbjimcfncm/Icons/128.png,1728332338.8431337
/Users/xander/Git/collection-assistant/eu_missing_cookies_data/chrome_profile/Default/Web Applications/Manifest Resources/fmgjjmmmlfnkbppncabfkddbjimcfncm/Icons/256.png,1728332338.846972
/Users/xander/Git/collection-assistant/eu_missing_cookies_data/chrome_profile/Default/Web Applications/Manifest Resources/fmgjjmmmlfnkbppncabfkddbjimcfncm/Icons/32.png,1728332338.8402452
/Users/xander/Git/collection-assistant/eu_missing_cookies_data/chrome_profile/Default/Web Applications/Manifest Resources/fmgjjmmmlfnkbppncabfkddbjimcfncm/Icons/96.png,1728332338.8421862
/Users/xander/Git/collection-assistant/eu_missing_cookies_data/chrome_profile/Default/Web Applications/Manifest Resources/fmgjjmmmlfnkbppncabfkddbjimcfncm/Icons/192.png,1728332338.844415
/Users/xander/Git/collection-assistant/eu_missing_cookies_data/chrome_profile/Default/Web Applications/Manifest Resources/kefjledonklijopmnomlcbpllchaibag/Icons/48.png,1728332338.9680128
/Users/xander/Git/collection-assistant/eu_missing_cookies_data/chrome_profile/Default/Web Applications/Manifest Resources/kefjledonklijopmnomlcbpllchaibag/Icons/64.png,1728332338.9694896
/Users/xander/Git/collection-assistant/eu_missing_cookies_data/chrome_profile/Default/Web Applications/Manifest Resources/kefjledonklijopmnomlcbpllchaibag/Icons/128.png,1728332338.9750557
/Users/xander/Git/collection-assistant/eu_missing_cookies_data/chrome_profile/Default/Web Applications/Manifest Resources/kefjledonklijopmnomlcbpllchaibag/Icons/256.png,1728332338.990191
/Users/xander/Git/collection-assistant/eu_missing_cookies_data/chrome_profile/Default/Web Applications/Manifest Resources/kefjledonklijopmnomlcbpllchaibag/Icons/32.png,1728332338.964832
/Users/xander/Git/collection-assistant/eu_missing_cookies_data/chrome_profile/Default/Web Applications/Manifest Resources/kefjledonklijopmnomlcbpllchaibag/Icons/96.png,1728332338.9724605
/Users/xander/Git/collection-assistant/eu_missing_cookies_data/chrome_profile/Default/Web Applications/Manifest Resources/kefjledonklijopmnomlcbpllchaibag/Icons/192.png,1728332338.9781623
/Users/xander/Git/collection-assistant/eu_missing_cookies_data/chrome_profile/Default/Web Applications/Manifest Resources/agimnkijcaahngcdmfeangaknmldooml/Icons/48.png,1728332339.011
/Users/xander/Git/collection-assistant/eu_missing_cookies_data/chrome_profile/Default/Web Applications/Manifest Resources/agimnkijcaahngcdmfeangaknmldooml/Icons/64.png,1728332339.0117688
/Users/xander/Git/collection-assistant/eu_missing_cookies_data/chrome_profile/Default/Web Applications/Manifest Resources/agimnkijcaahngcdmfeangaknmldooml/Icons/128.png,1728332339.016168
/Users/xander/Git/collection-assistant/eu_missing_cookies_data/chrome_profile/Default/Web Applications/Manifest Resources/agimnkijcaahngcdmfeangaknmldooml/Icons/256.png,1728332339.0245874
/Users/xander/Git/collection-assistant/eu_missing_cookies_data/chrome_profile/Default/Web Applications/Manifest Resources/agimnkijcaahngcdmfeangaknmldooml/Icons/32.png,1728332339.0104828
/Users/xander/Git/collection-assistant/eu_missing_cookies_data/chrome_profile/Default/Web Applications/Manifest Resources/agimnkijcaahngcdmfeangaknmldooml/Icons/96.png,1728332339.0133948
/Users/xander/Git/collection-assistant/eu_missing_cookies_data/chrome_profile/Default/Web Applications/Manifest Resources/agimnkijcaahngcdmfeangaknmldooml/Icons/192.png,1728332339.017924
/Users/xander/Git/collection-assistant/eu_missing_cookies_data/chrome_profile/Default/Extensions/fbhiolckidkciamgcobkokpelckgnnol/1.1.0_0/manifest.json,1728332369.8318195
/Users/xander/Git/collection-assistant/eu_missing_cookies_data/chrome_profile/Default/Extensions/fbhiolckidkciamgcobkokpelckgnnol/1.1.0_0/background/cookieblock_background.html,1728332369.7271264
/Users/xander/Git/collection-assistant/eu_missing_cookies_data/chrome_profile/Default/Extensions/fbhiolckidkciamgcobkokpelckgnnol/1.1.0_0/options/cookieblock_cconfig.html,1728332369.7321587
/Users/xander/Git/collection-assistant/eu_missing_cookies_data/chrome_profile/Default/Extensions/fbhiolckidkciamgcobkokpelckgnnol/1.1.0_0/options/cookieblock_options.html,1728332369.7327943
/Users/xander/Git/collection-assistant/eu_missing_cookies_data/chrome_profile/Default/Extensions/fbhiolckidkciamgcobkokpelckgnnol/1.1.0_0/options/cookieblock_setup.html,1728332369.7332127
/Users/xander/Git/collection-assistant/eu_missing_cookies_data/chrome_profile/Default/Extensions/fbhiolckidkciamgcobkokpelckgnnol/1.1.0_0/popup/cookieblock_popup.html,1728332369.7337906
/Users/xander/Git/collection-assistant/eu_missing_cookies_data/chrome_profile/Default/Extensions/fbhiolckidkciamgcobkokpelckgnnol/1.1.0_0/ext_data/features.json,1728332369.7280571
/Users/xander/Git/collection-assistant/eu_missing_cookies_data/chrome_profile/Default/Extensions/fbhiolckidkciamgcobkokpelckgnnol/1.1.0_0/ext_data/known_cookies.json,1728332369.7283266
/Users/xander/Git/collection-assistant/eu_missing_cookies_data/chrome_profile/Default/Extensions/fbhiolckidkciamgcobkokpelckgnnol/1.1.0_0/ext_data/default_config.json,1728332369.727671
/Users/xander/Git/collection-assistant/eu_missing_cookies_data/chrome_profile/Default/Extensions/fbhiolckidkciamgcobkokpelckgnnol/1.1.0_0/ext_data/model/forest_class2.json,1728332369.7749348
/Users/xander/Git/collection-assistant/eu_missing_cookies_data/chrome_profile/Default/Extensions/fbhiolckidkciamgcobkokpelckgnnol/1.1.0_0/ext_data/model/forest_class3.json,1728332369.748416
/Users/xander/Git/collection-assistant/eu_missing_cookies_data/chrome_profile/Default/Extensions/fbhiolckidkciamgcobkokpelckgnnol/1.1.0_0/ext_data/model/forest_class0.json,1728332369.7951121
/Users/xander/Git/collection-assistant/eu_missing_cookies_data/chrome_profile/Default/Extensions/fbhiolckidkciamgcobkokpelckgnnol/1.1.0_0/ext_data/model/forest_class1.json,1728332369.7587984
/Users/xander/Git/collection-assistant/eu_missing_cookies_data/chrome_profile/Default/Extensions/fbhiolckidkciamgcobkokpelckgnnol/1.1.0_0/_metadata/computed_hashes.json,1728332369.866059
/Users/xander/Git/collection-assistant/eu_missing_cookies_data/chrome_profile/Default/Extensions/fbhiolckidkciamgcobkokpelckgnnol/1.1.0_0/_metadata/verified_contents.json,1728332369.7989156
/Users/xander/Git/collection-assistant/eu_missing_cookies_data/chrome_profile/Default/Extensions/fbhiolckidkciamgcobkokpelckgnnol/1.1.0_0/icons/cookieblock-96.png,1728332369.836635
/Users/xander/Git/collection-assistant/eu_missing_cookies_data/chrome_profile/Default/Extensions/fbhiolckidkciamgcobkokpelckgnnol/1.1.0_0/icons/gs-cookieblock-16.png,1728332369.730717
/Users/xander/Git/collection-assistant/eu_missing_cookies_data/chrome_profile/Default/Extensions/fbhiolckidkciamgcobkokpelckgnnol/1.1.0_0/icons/gs-cookieblock-64.png,1728332369.731492
/Users/xander/Git/collection-assistant/eu_missing_cookies_data/chrome_profile/Default/Extensions/fbhiolckidkciamgcobkokpelckgnnol/1.1.0_0/icons/cookieblock-32.png,1728332369.8364003
/Users/xander/Git/collection-assistant/eu_missing_cookies_data/chrome_profile/Default/Extensions/fbhiolckidkciamgcobkokpelckgnnol/1.1.0_0/icons/gs-cookieblock-128.png,1728332369.730521
/Users/xander/Git/collection-assistant/eu_missing_cookies_data/chrome_profile/Default/Extensions/fbhiolckidkciamgcobkokpelckgnnol/1.1.0_0/icons/gs-cookieblock-48.png,1728332369.7312193
/Users/xander/Git/collection-assistant/eu_missing_cookies_data/chrome_profile/Default/Extensions/fbhiolckidkciamgcobkokpelckgnnol/1.1.0_0/icons/cookieblock-16.png,1728332369.8363168
/Users/xander/Git/collection-assistant/eu_missing_cookies_data/chrome_profile/Default/Extensions/fbhiolckidkciamgcobkokpelckgnnol/1.1.0_0/icons/gs-cookieblock-96.png,1728332369.7317755
/Users/xander/Git/collection-assistant/eu_missing_cookies_data/chrome_profile/Default/Extensions/fbhiolckidkciamgcobkokpelckgnnol/1.1.0_0/icons/cookieblock-128.png,1728332369.8362129
/Users/xander/Git/collection-assistant/eu_missing_cookies_data/chrome_profile/Default/Extensions/fbhiolckidkciamgcobkokpelckgnnol/1.1.0_0/icons/gs-cookieblock-32.png,1728332369.730923
/Users/xander/Git/collection-assistant/eu_missing_cookies_data/chrome_profile/Default/Extensions/fbhiolckidkciamgcobkokpelckgnnol/1.1.0_0/icons/cookieblock-64.png,1728332369.8365607
/Users/xander/Git/collection-assistant/eu_missing_cookies_data/chrome_profile/Default/Extensions/fbhiolckidkciamgcobkokpelckgnnol/1.1.0_0/icons/cookieblock-48.png,1728332369.8364778
/Users/xander/Git/collection-assistant/eu_missing_cookies_data/chrome_profile/Default/Extensions/fbhiolckidkciamgcobkokpelckgnnol/1.1.0_0/_locales/ja/messages.json,1728332369.8385994
/Users/xander/Git/collection-assistant/eu_missing_cookies_data/chrome_profile/Default/Extensions/fbhiolckidkciamgcobkokpelckgnnol/1.1.0_0/_locales/cs/messages.json,1728332369.8377178
/Users/xander/Git/collection-assistant/eu_missing_cookies_data/chrome_profile/Default/Extensions/fbhiolckidkciamgcobkokpelckgnnol/1.1.0_0/_locales/de/messages.json,1728332369.8379195
/Users/xander/Git/collection-assistant/eu_missing_cookies_data/chrome_profile/Default/Extensions/fbhiolckidkciamgcobkokpelckgnnol/1.1.0_0/_locales/es/messages.json,1728332369.8385196
/Users/xander/Git/collection-assistant/eu_missing_cookies_data/chrome_profile/Default/Extensions/fbhiolckidkciamgcobkokpelckgnnol/1.1.0_0/_locales/en/messages.json,1728332369.8382978
/Users/xander/Git/collection-assistant/eu_missing_cookies_data/chrome_profile/Default/Extensions/nmmhkkegccagdldgiimedpiccmgmieda/1.0.0.6_0/manifest.json,1728332339.184408
/Users/xander/Git/collection-assistant/eu_missing_cookies_data/chrome_profile/Default/Extensions/nmmhkkegccagdldgiimedpiccmgmieda/1.0.0.6_0/images/topbar_floating_button.png,1728332339.0818346
/Users/xander/Git/collection-assistant/eu_missing_cookies_data/chrome_profile/Default/Extensions/nmmhkkegccagdldgiimedpiccmgmieda/1.0.0.6_0/images/topbar_floating_button_maximize.png,1728332339.0824776
/Users/xander/Git/collection-assistant/eu_missing_cookies_data/chrome_profile/Default/Extensions/nmmhkkegccagdldgiimedpiccmgmieda/1.0.0.6_0/images/icon_128.png,1728332339.2314053
/Users/xander/Git/collection-assistant/eu_missing_cookies_data/chrome_profile/Default/Extensions/nmmhkkegccagdldgiimedpiccmgmieda/1.0.0.6_0/images/topbar_floating_button_pressed.png,1728332339.0827346
/Users/xander/Git/collection-assistant/eu_missing_cookies_data/chrome_profile/Default/Extensions/nmmhkkegccagdldgiimedpiccmgmieda/1.0.0.6_0/images/icon_16.png,1728332339.2318652
/Users/xander/Git/collection-assistant/eu_missing_cookies_data/chrome_profile/Default/Extensions/nmmhkkegccagdldgiimedpiccmgmieda/1.0.0.6_0/images/topbar_floating_button_hover.png,1728332339.0822556
/Users/xander/Git/collection-assistant/eu_missing_cookies_data/chrome_profile/Default/Extensions/nmmhkkegccagdldgiimedpiccmgmieda/1.0.0.6_0/images/topbar_floating_button_close.png,1728332339.0820181
/Users/xander/Git/collection-assistant/eu_missing_cookies_data/chrome_profile/Default/Extensions/nmmhkkegccagdldgiimedpiccmgmieda/1.0.0.6_0/html/craw_window.html,1728332339.0802352
/Users/xander/Git/collection-assistant/eu_missing_cookies_data/chrome_profile/Default/Extensions/nmmhkkegccagdldgiimedpiccmgmieda/1.0.0.6_0/_metadata/computed_hashes.json,1728332339.297767
/Users/xander/Git/collection-assistant/eu_missing_cookies_data/chrome_profile/Default/Extensions/nmmhkkegccagdldgiimedpiccmgmieda/1.0.0.6_0/_metadata/verified_contents.json,1728332339.0831032
/Users/xander/Git/collection-assistant/eu_missing_cookies_data/chrome_profile/Default/Extensions/nmmhkkegccagdldgiimedpiccmgmieda/1.0.0.6_0/_locales/sl/messages.json,1728332339.273603
/Users/xander/Git/collection-assistant/eu_missing_cookies_data/chrome_profile/Default/Extensions/nmmhkkegccagdldgiimedpiccmgmieda/1.0.0.6_0/_locales/sk/messages.json,1728332339.273143
/Users/xander/Git/collection-assistant/eu_missing_cookies_data/chrome_profile/Default/Extensions/nmmhkkegccagdldgiimedpiccmgmieda/1.0.0.6_0/_locales/pl/messages.json,1728332339.270646
/Users/xander/Git/collection-assistant/eu_missing_cookies_data/chrome_profile/Default/Extensions/nmmhkkegccagdldgiimedpiccmgmieda/1.0.0.6_0/_locales/vi/messages.json,1728332339.2789557
/Users/xander/Git/collection-assistant/eu_missing_cookies_data/chrome_profile/Default/Extensions/nmmhkkegccagdldgiimedpiccmgmieda/1.0.0.6_0/_locales/sv/messages.json,1728332339.2760396
/Users/xander/Git/collection-assistant/eu_missing_cookies_data/chrome_profile/Default/Extensions/nmmhkkegccagdldgiimedpiccmgmieda/1.0.0.6_0/_locales/da/messages.json,1728332339.254558
/Users/xander/Git/collection-assistant/eu_missing_cookies_data/chrome_profile/Default/Extensions/nmmhkkegccagdldgiimedpiccmgmieda/1.0.0.6_0/_locales/pt_BR/messages.json,1728332339.2711484
/Users/xander/Git/collection-assistant/eu_missing_cookies_data/chrome_profile/Default/Extensions/nmmhkkegccagdldgiimedpiccmgmieda/1.0.0.6_0/_locales/ja/messages.json,1728332339.2692926
/Users/xander/Git/collection-assistant/eu_missing_cookies_data/chrome_profile/Default/Extensions/nmmhkkegccagdldgiimedpiccmgmieda/1.0.0.6_0/_locales/el/messages.json,1728332339.263874
/Users/xander/Git/collection-assistant/eu_missing_cookies_data/chrome_profile/Default/Extensions/nmmhkkegccagdldgiimedpiccmgmieda/1.0.0.6_0/_locales/lv/messages.json,1728332339.2699664
/Users/xander/Git/collection-assistant/eu_missing_cookies_data/chrome_profile/Default/Extensions/nmmhkkegccagdldgiimedpiccmgmieda/1.0.0.6_0/_locales/it/messages.json,1728332339.2690487
/Users/xander/Git/collection-assistant/eu_missing_cookies_data/chrome_profile/Default/Extensions/nmmhkkegccagdldgiimedpiccmgmieda/1.0.0.6_0/_locales/ca/messages.json,1728332339.2533243
/Users/xander/Git/collection-assistant/eu_missing_cookies_data/chrome_profile/Default/Extensions/nmmhkkegccagdldgiimedpiccmgmieda/1.0.0.6_0/_locales/zh_TW/messages.json,1728332339.2799494
/Users/xander/Git/collection-assistant/eu_missing_cookies_data/chrome_profile/Default/Extensions/nmmhkkegccagdldgiimedpiccmgmieda/1.0.0.6_0/_locales/cs/messages.json,1728332339.25382
/Users/xander/Git/collection-assistant/eu_missing_cookies_data/chrome_profile/Default/Extensions/nmmhkkegccagdldgiimedpiccmgmieda/1.0.0.6_0/_locales/pt_PT/messages.json,1728332339.271627
/Users/xander/Git/collection-assistant/eu_missing_cookies_data/chrome_profile/Default/Extensions/nmmhkkegccagdldgiimedpiccmgmieda/1.0.0.6_0/_locales/ru/messages.json,1728332339.272623
/Users/xander/Git/collection-assistant/eu_missing_cookies_data/chrome_profile/Default/Extensions/nmmhkkegccagdldgiimedpiccmgmieda/1.0.0.6_0/_locales/ro/messages.json,1728332339.2720852
/Users/xander/Git/collection-assistant/eu_missing_cookies_data/chrome_profile/Default/Extensions/nmmhkkegccagdldgiimedpiccmgmieda/1.0.0.6_0/_locales/zh_CN/messages.json,1728332339.2794564
/Users/xander/Git/collection-assistant/eu_missing_cookies_data/chrome_profile/Default/Extensions/nmmhkkegccagdldgiimedpiccmgmieda/1.0.0.6_0/_locales/uk/messages.json,1728332339.278378
/Users/xander/Git/collection-assistant/eu_missing_cookies_data/chrome_profile/Default/Extensions/nmmhkkegccagdldgiimedpiccmgmieda/1.0.0.6_0/_locales/sr/messages.json,1728332339.27467
/Users/xander/Git/collection-assistant/eu_missing_cookies_data/chrome_profile/Default/Extensions/nmmhkkegccagdldgiimedpiccmgmieda/1.0.0.6_0/_locales/en_GB/messages.json,1728332339.2651818
/Users/xander/Git/collection-assistant/eu_missing_cookies_data/chrome_profile/Default/Extensions/nmmhkkegccagdldgiimedpiccmgmieda/1.0.0.6_0/_locales/es_419/messages.json,1728332339.2661867
/Users/xander/Git/collection-assistant/eu_missing_cookies_data/chrome_profile/Default/Extensions/nmmhkkegccagdldgiimedpiccmgmieda/1.0.0.6_0/_locales/hr/messages.json,1728332339.2681675
/Users/xander/Git/collection-assistant/eu_missing_cookies_data/chrome_profile/Default/Extensions/nmmhkkegccagdldgiimedpiccmgmieda/1.0.0.6_0/_locales/hu/messages.json,1728332339.2684765
/Users/xander/Git/collection-assistant/eu_missing_cookies_data/chrome_profile/Default/Extensions/nmmhkkegccagdldgiimedpiccmgmieda/1.0.0.6_0/_locales/nl/messages.json,1728332339.2703135
/Users/xander/Git/collection-assistant/eu_missing_cookies_data/chrome_profile/Default/Extensions/nmmhkkegccagdldgiimedpiccmgmieda/1.0.0.6_0/_locales/bg/messages.json,1728332339.2509513
/Users/xander/Git/collection-assistant/eu_missing_cookies_data/chrome_profile/Default/Extensions/nmmhkkegccagdldgiimedpiccmgmieda/1.0.0.6_0/_locales/fil/messages.json,1728332339.267545
/Users/xander/Git/collection-assistant/eu_missing_cookies_data/chrome_profile/Default/Extensions/nmmhkkegccagdldgiimedpiccmgmieda/1.0.0.6_0/_locales/nb/messages.json,1728332339.2701252
/Users/xander/Git/collection-assistant/eu_missing_cookies_data/chrome_profile/Default/Extensions/nmmhkkegccagdldgiimedpiccmgmieda/1.0.0.6_0/_locales/hi/messages.json,1728332339.2679627
/Users/xander/Git/collection-assistant/eu_missing_cookies_data/chrome_profile/Default/Extensions/nmmhkkegccagdldgiimedpiccmgmieda/1.0.0.6_0/_locales/de/messages.json,1728332339.2629814
/Users/xander/Git/collection-assistant/eu_missing_cookies_data/chrome_profile/Default/Extensions/nmmhkkegccagdldgiimedpiccmgmieda/1.0.0.6_0/_locales/ko/messages.json,1728332339.2695262
/Users/xander/Git/collection-assistant/eu_missing_cookies_data/chrome_profile/Default/Extensions/nmmhkkegccagdldgiimedpiccmgmieda/1.0.0.6_0/_locales/fi/messages.json,1728332339.267129
/Users/xander/Git/collection-assistant/eu_missing_cookies_data/chrome_profile/Default/Extensions/nmmhkkegccagdldgiimedpiccmgmieda/1.0.0.6_0/_locales/id/messages.json,1728332339.26884
/Users/xander/Git/collection-assistant/eu_missing_cookies_data/chrome_profile/Default/Extensions/nmmhkkegccagdldgiimedpiccmgmieda/1.0.0.6_0/_locales/fr/messages.json,1728332339.2677753
/Users/xander/Git/collection-assistant/eu_missing_cookies_data/chrome_profile/Default/Extensions/nmmhkkegccagdldgiimedpiccmgmieda/1.0.0.6_0/_locales/es/messages.json,1728332339.265749
/Users/xander/Git/collection-assistant/eu_missing_cookies_data/chrome_profile/Default/Extensions/nmmhkkegccagdldgiimedpiccmgmieda/1.0.0.6_0/_locales/et/messages.json,1728332339.2666888
/Users/xander/Git/collection-assistant/eu_missing_cookies_data/chrome_profile/Default/Extensions/nmmhkkegccagdldgiimedpiccmgmieda/1.0.0.6_0/_locales/en/messages.json,1728332339.264568
/Users/xander/Git/collection-assistant/eu_missing_cookies_data/chrome_profile/Default/Extensions/nmmhkkegccagdldgiimedpiccmgmieda/1.0.0.6_0/_locales/lt/messages.json,1728332339.269804
/Users/xander/Git/collection-assistant/eu_missing_cookies_data/chrome_profile/Default/Extensions/nmmhkkegccagdldgiimedpiccmgmieda/1.0.0.6_0/_locales/th/messages.json,1728332339.2765427
/Users/xander/Git/collection-assistant/eu_missing_cookies_data/chrome_profile/Default/Extensions/nmmhkkegccagdldgiimedpiccmgmieda/1.0.0.6_0/_locales/tr/messages.json,1728332339.277589
/Users/xander/Git/collection-assistant/eu_missing_cookies_data/chrome_profile/Subresource Filter/Unindexed Rules/9.51.0/manifest.json,1728332392.8440945
/Users/xander/Git/collection-assistant/eu_missing_cookies_data/chrome_profile/Subresource Filter/Unindexed Rules/9.51.0/_metadata/verified_contents.json,1728332392.8445356
/Users/xander/Git/collection-assistant/eu_missing_cookies_data/chrome_profile/OptimizationHints/469/manifest.json,1728332391.5956004
/Users/xander/Git/collection-assistant/eu_missing_cookies_data/chrome_profile/OptimizationHints/469/_metadata/verified_contents.json,1728332391.59597
/Users/xander/Git/collection-assistant/eu_missing_cookies_data/chrome_profile/TrustTokenKeyCommitments/2024.9.30.1/keys.json,1728332394.0246456
/Users/xander/Git/collection-assistant/eu_missing_cookies_data/chrome_profile/TrustTokenKeyCommitments/2024.9.30.1/manifest.json,1728332394.0248957
/Users/xander/Git/collection-assistant/eu_missing_cookies_data/chrome_profile/TrustTokenKeyCommitments/2024.9.30.1/_metadata/verified_contents.json,1728332394.0255024
/Users/xander/Git/collection-assistant/eu_missing_cookies_data/amzn.to/amzn.to.accept.cookieblock.json,1728333029.063013
/Users/xander/Git/collection-assistant/eu_missing_cookies_data/amzn.to/amzn.to.no-interaction.json,1728333043.7884355
/Users/xander/Git/collection-assistant/eu_missing_cookies_data/amzn.to/amzn.to.accept.json,1728333021.6493828
/Users/xander/Git/collection-assistant/eu_missing_cookies_data/amzn.to/amzn.to.html,1728332999.007749
/Users/xander/Git/collection-assistant/eu_missing_cookies_data/amzn.to/amzn.to.accept.mkv,1728333022.1209278
/Users/xander/Git/collection-assistant/eu_missing_cookies_data/amzn.to/amzn.to.no-interaction.cookieblock.json,1728333051.2600033
/Users/xander/Git/collection-assistant/eu_missing_cookies_data/amzn.to/amzn.to.no-interaction.mkv,1728333044.2580645
